,Sitename,ID,Year,Month,Lat,Long,Subwatershed,Watershed,Sample_Type,clusters,cluster_name,cdem_altitude,cdsm_altitude
1,STREAM_LLCXXX_B_XBHC_0010_A_20190905_COI,X2019_51.252639_114.390833,2019,9,51.252639,-114.390833,Bow,Lower Saskatchewan,,3,Northeast,1251.0,1247.947
2,STREAM_LLCXXX_B_XBHC_0010_B_20190905_COI,X2019_51.252639_114.390833,2019,9,51.252639,-114.390833,Bow,Lower Saskatchewan,,3,Northeast,1251.0,1247.947
3,STREAM_LLCXXX_B_XBHC_0011_A_20190905_COI,X2019_51.252639_114.390833,2019,9,51.252639,-114.390833,Bow,Lower Saskatchewan,,3,Northeast,1251.0,1247.947
4,STREAM_ADVSCI_B_XDUT_0001_A_20190926_COI,X2019_50.31307_115.906608,2019,9,50.31307,-115.906608,Columbia,Columbia,,1,Central,852.0,849.53
5,STREAM_ADVSCI_B_XDUT_0001_B_20190926_COI,X2019_50.31307_115.906608,2019,9,50.31307,-115.906608,Columbia,Columbia,,1,Central,852.0,849.53
6,STREAM_ADVSCI_B_XDUT_0001_C_20190926_COI,X2019_50.31307_115.906608,2019,9,50.31307,-115.906608,Columbia,Columbia,,1,Central,852.0,849.53
7,STREAM_ADVSCI_B_XFMT_0001_A_20190926_COI,X2019_50.328661_115.838264,2019,9,50.328661,-115.838264,Columbia,Columbia,,1,Central,1007.0,1011.297
8,STREAM_ADVSCI_B_XFMT_0001_B_20190926_COI,X2019_50.328661_115.838264,2019,9,50.328661,-115.838264,Columbia,Columbia,,1,Central,1007.0,1011.297
9,STREAM_ADVSCI_B_XFMT_0001_C_20190926_COI,X2019_50.328661_115.838264,2019,9,50.328661,-115.838264,Columbia,Columbia,,1,Central,1007.0,1011.297
10,STREAM_ADVSCI_B_XFMT_0002_A_20190926_COI,X2019_50.32859_115.835051,2019,9,50.32859,-115.835051,Columbia,Columbia,,1,Central,1044.0,1053.043
11,STREAM_ADVSCI_B_XFMT_0002_B_20190926_COI,X2019_50.32859_115.835051,2019,9,50.32859,-115.835051,Columbia,Columbia,,1,Central,1044.0,1053.043
12,STREAM_ADVSCI_B_XFMT_0002_C_20190926_COI,X2019_50.32859_115.835051,2019,9,50.32859,-115.835051,Columbia,Columbia,,1,Central,1044.0,1053.043
13,STREAM_ADVSCI_B_XWMC_0001_A_20190926_COI,X2019_50.49465_115.91017,2019,9,50.49465,-115.91017,Columbia,Columbia,,1,Central,1100.0,1111.304
14,STREAM_ADVSCI_B_XWMC_0001_B_20190926_COI,X2019_50.49465_115.91017,2019,9,50.49465,-115.91017,Columbia,Columbia,,1,Central,1100.0,1111.304
15,STREAM_ADVSCI_B_XWMC_0001_C_20190926_COI,X2019_50.49465_115.91017,2019,9,50.49465,-115.91017,Columbia,Columbia,,1,Central,1100.0,1111.304
16,STREAM_ADVSCI_B_XWMC_0002_A_20190926_COI,X2019_50.49365_115.89822,2019,9,50.49365,-115.89822,Columbia,Columbia,,1,Central,1126.0,1132.58
17,STREAM_ADVSCI_B_XWMC_0002_B_20190926_COI,X2019_50.49365_115.89822,2019,9,50.49365,-115.89822,Columbia,Columbia,,1,Central,1126.0,1132.58
18,STREAM_ADVSCI_B_XWMC_0002_C_20190926_COI,X2019_50.49365_115.89822,2019,9,50.49365,-115.89822,Columbia,Columbia,,1,Central,1126.0,1132.58
19,STREAM_ADVSCI_B_XSPC_0001_A_20190926_COI,X2019_50.4649_116.2345,2019,9,50.4649,-116.2345,Columbia,Columbia,,1,Central,1165.0,1175.051
20,STREAM_ADVSCI_B_XSPC_0001_B_20190926_COI,X2019_50.4649_116.2345,2019,9,50.4649,-116.2345,Columbia,Columbia,,1,Central,1165.0,1175.051
21,STREAM_ADVSCI_B_XSPC_0001_C_20190926_COI,X2019_50.4649_116.2345,2019,9,50.4649,-116.2345,Columbia,Columbia,,1,Central,1165.0,1175.051
22,STREAM_ADVSCI_B_XNEV_0001_A_20190926_COI,X2019_50.5024_116.0783,2019,9,50.5024,-116.0783,Columbia,Columbia,,1,Central,895.0,912.72
23,STREAM_ADVSCI_B_XNEV_0001_B_20190926_COI,X2019_50.5024_116.0783,2019,9,50.5024,-116.0783,Columbia,Columbia,,1,Central,895.0,912.72
24,STREAM_ADVSCI_B_XNEV_0001_C_20190926_COI,X2019_50.5024_116.0783,2019,9,50.5024,-116.0783,Columbia,Columbia,,1,Central,895.0,912.72
25,STREAM_ADVSCI_B_XKYC_0001_A_20190926_COI,X2019_50.761388_116.134186,2019,9,50.761388,-116.134186,Columbia,Columbia,,1,Central,1092.0,1123.351
26,STREAM_ADVSCI_B_XKYC_0001_B_20190926_COI,X2019_50.761388_116.134186,2019,9,50.761388,-116.134186,Columbia,Columbia,,1,Central,1092.0,1123.351
27,STREAM_ADVSCI_B_XKYC_0001_C_20190926_COI,X2019_50.761388_116.134186,2019,9,50.761388,-116.134186,Columbia,Columbia,,1,Central,1092.0,1123.351
28,STREAM_ADVSCI_B_XKYC_0002_A_20190926_COI,X2019_50.761635_116.132435,2019,9,50.761635,-116.132435,Columbia,Columbia,,1,Central,1067.0,1108.033
29,STREAM_ADVSCI_B_XKYC_0002_B_20190926_COI,X2019_50.761635_116.132435,2019,9,50.761635,-116.132435,Columbia,Columbia,,1,Central,1067.0,1108.033
30,STREAM_ADVSCI_B_XKYC_0002_C_20190926_COI,X2019_50.761635_116.132435,2019,9,50.761635,-116.132435,Columbia,Columbia,,1,Central,1067.0,1108.033
31,STREAM_ADVSCI_B_XKYC_0003_A_20190926_COI,X2019_50.765465_116.134499,2019,9,50.765465,-116.134499,Columbia,Columbia,,1,Central,1354.0,1347.606
32,STREAM_ADVSCI_B_XKYC_0003_B_20190926_COI,X2019_50.765465_116.134499,2019,9,50.765465,-116.134499,Columbia,Columbia,,1,Central,1354.0,1347.606
33,STREAM_ADVSCI_B_XKYC_0003_C_20190926_COI,X2019_50.765465_116.134499,2019,9,50.765465,-116.134499,Columbia,Columbia,,1,Central,1354.0,1347.606
34,STREAM_ADVSCI_B_XKYC_0004_A_20190926_COI,X2019_50.765583_116.107834,2019,9,50.765583,-116.107834,Columbia,Columbia,,1,Central,1167.0,1175.717
35,STREAM_ADVSCI_B_XKYC_0004_B_20190926_COI,X2019_50.765583_116.107834,2019,9,50.765583,-116.107834,Columbia,Columbia,,1,Central,1167.0,1175.717
36,STREAM_ADVSCI_B_XKYC_0004_C_20190926_COI,X2019_50.765583_116.107834,2019,9,50.765583,-116.107834,Columbia,Columbia,,1,Central,1167.0,1175.717
37,STREAM_ADVSCI_B_XKYC_0005_A_20190926_COI,X2019_50.761014_116.097443,2019,9,50.761014,-116.097443,Columbia,Columbia,,1,Central,1225.0,1235.433
38,STREAM_ADVSCI_B_XKYC_0005_B_20190926_COI,X2019_50.761014_116.097443,2019,9,50.761014,-116.097443,Columbia,Columbia,,1,Central,1225.0,1235.433
39,STREAM_ADVSCI_B_XKYC_0005_C_20190926_COI,X2019_50.761014_116.097443,2019,9,50.761014,-116.097443,Columbia,Columbia,,1,Central,1225.0,1235.433
40,STREAM_ALESSX_B_XWIL_0001_A_20190909_COI,X2019_50.02999_117.409579,2019,9,50.02999,-117.409579,Columbia,Columbia,,4,West,553.0,544.981
41,STREAM_ALESSX_B_XWIL_0001_B_20190909_COI,X2019_50.02999_117.409579,2019,9,50.02999,-117.409579,Columbia,Columbia,,4,West,553.0,544.981
42,STREAM_ALESSX_B_XWIL_0001_C_20190909_COI,X2019_50.02999_117.409579,2019,9,50.02999,-117.409579,Columbia,Columbia,,4,West,553.0,544.981
43,STREAM_FOLRXX_B_XHOP_0001_A_20190916_COI,X2019_50.457568_117.190798,2019,9,50.457568,-117.190798,Columbia,Columbia,,4,West,684.0,683.362
44,STREAM_FOLRXX_B_XHOP_0001_B_20190916_COI,X2019_50.457568_117.190798,2019,9,50.457568,-117.190798,Columbia,Columbia,,4,West,684.0,683.362
45,STREAM_FOLRXX_B_XHOP_0001_C_20190916_COI,X2019_50.457568_117.190798,2019,9,50.457568,-117.190798,Columbia,Columbia,,4,West,684.0,683.362
46,STREAM_FOLRXX_B_XMOB_0001_A_20190916_COI,X2019_50.508115_117.26889,2019,9,50.508115,-117.26889,Columbia,Columbia,,4,West,719.0,730.451
47,STREAM_FOLRXX_B_XMOB_0001_B_20190916_COI,X2019_50.508115_117.26889,2019,9,50.508115,-117.26889,Columbia,Columbia,,4,West,719.0,730.451
48,STREAM_FOLRXX_B_XMOB_0001_C_20190916_COI,X2019_50.508115_117.26889,2019,9,50.508115,-117.26889,Columbia,Columbia,,4,West,719.0,730.451
49,STREAM_LLCXXX_B_XXCB_0001_A_20190428_COI,X2019_49.339188_117.663739,2019,4,49.339188,-117.663739,Columbia,Columbia,,4,West,427.0,427.54
50,STREAM_LLCXXX_B_XXCB_0001_B_20190428_COI,X2019_49.339188_117.663739,2019,4,49.339188,-117.663739,Columbia,Columbia,,4,West,427.0,427.54
51,STREAM_LLCXXX_B_XXCB_0001_C_20190428_COI,X2019_49.339188_117.663739,2019,4,49.339188,-117.663739,Columbia,Columbia,,4,West,427.0,427.54
52,STREAM_NCCXXX_B_XNXT_0001_A_20190820_COI,X2019_49.301763_116.763472,2019,8,49.301763,-116.763472,Columbia,Columbia,,4,West,544.0,584.641
53,STREAM_NCCXXX_B_XNXT_0001_B_20190820_COI,X2019_49.301763_116.763472,2019,8,49.301763,-116.763472,Columbia,Columbia,,4,West,544.0,584.641
54,STREAM_NCCXXX_B_XNXT_0001_C_20190820_COI,X2019_49.301763_116.763472,2019,8,49.301763,-116.763472,Columbia,Columbia,,4,West,544.0,584.641
55,STREAM_CWSPXX_B_XSHU_0001_A_20201005_COI,X2020_50.54777_116.03677,2020,10,50.54777,-116.03677,Columbia,Columbia,,1,Central,808.0,804.598
56,STREAM_CWSPXX_B_XSHU_0001_B_20201005_COI,X2020_50.54777_116.03677,2020,10,50.54777,-116.03677,Columbia,Columbia,,1,Central,808.0,804.598
57,STREAM_CWSPXX_B_XSHU_0001_C_20201005_COI,X2020_50.54777_116.03677,2020,10,50.54777,-116.03677,Columbia,Columbia,,1,Central,808.0,804.598
58,STREAM_CWSPXX_B_XSHU_0002_A_20201005_COI,X2020_50.54181_116.01976,2020,10,50.54181,-116.01976,Columbia,Columbia,,1,Central,846.0,852.846
59,STREAM_CWSPXX_B_XSHU_0002_B_20201005_COI,X2020_50.54181_116.01976,2020,10,50.54181,-116.01976,Columbia,Columbia,,1,Central,846.0,852.846
60,STREAM_CWSPXX_B_XSHU_0002_C_20201005_COI,X2020_50.54181_116.01976,2020,10,50.54181,-116.01976,Columbia,Columbia,,1,Central,846.0,852.846
61,STREAM_CWSPXX_B_XSHU_0003_A_20201005_COI,X2020_50.53846_115.99883,2020,10,50.53846,-115.99883,Columbia,Columbia,,1,Central,900.0,899.046
62,STREAM_CWSPXX_B_XSHU_0003_B_20201005_COI,X2020_50.53846_115.99883,2020,10,50.53846,-115.99883,Columbia,Columbia,,1,Central,900.0,899.046
63,STREAM_CWSPXX_B_XSHU_0003_C_20201005_COI,X2020_50.53846_115.99883,2020,10,50.53846,-115.99883,Columbia,Columbia,,1,Central,900.0,899.046
64,STREAM_CWSPXX_B_XGAL_0001_A_20201006_COI,X2020_50.88895_116.36054,2020,10,50.88895,-116.36054,Columbia,Columbia,,1,Central,784.0,795.626
65,STREAM_CWSPXX_B_XGAL_0001_B_20201006_COI,X2020_50.88895_116.36054,2020,10,50.88895,-116.36054,Columbia,Columbia,,1,Central,784.0,795.626
66,STREAM_CWSPXX_B_XGAL_0001_C_20201006_COI,X2020_50.88895_116.36054,2020,10,50.88895,-116.36054,Columbia,Columbia,,1,Central,784.0,795.626
67,STREAM_CWSPXX_B_XGAL_0002_A_20201006_COI,X2020_50.89441_116.35212,2020,10,50.89441,-116.35212,Columbia,Columbia,,1,Central,828.0,836.515
68,STREAM_CWSPXX_B_XGAL_0002_B_20201006_COI,X2020_50.89441_116.35212,2020,10,50.89441,-116.35212,Columbia,Columbia,,1,Central,828.0,836.515
69,STREAM_CWSPXX_B_XGAL_0002_C_20201006_COI,X2020_50.89441_116.35212,2020,10,50.89441,-116.35212,Columbia,Columbia,,1,Central,828.0,836.515
70,STREAM_CWSPXX_B_XGAL_0003_A_20201006_COI,X2020_50.89688_116.3458,2020,10,50.89688,-116.3458,Columbia,Columbia,,1,Central,867.0,886.695
71,STREAM_CWSPXX_B_XGAL_0003_B_20201006_COI,X2020_50.89688_116.3458,2020,10,50.89688,-116.3458,Columbia,Columbia,,1,Central,867.0,886.695
72,STREAM_CWSPXX_B_XGAL_0003_C_20201006_COI,X2020_50.89688_116.3458,2020,10,50.89688,-116.3458,Columbia,Columbia,,1,Central,867.0,886.695
73,STREAM_CWSPXX_B_XMAR_0001_A_20201007_COI,X2020_50.19929_115.86133,2020,10,50.19929,-115.86133,Columbia,Columbia,,1,Central,841.0,846.429
74,STREAM_CWSPXX_B_XMAR_0001_B_20201007_COI,X2020_50.19929_115.86133,2020,10,50.19929,-115.86133,Columbia,Columbia,,1,Central,841.0,846.429
75,STREAM_CWSPXX_B_XMAR_0001_C_20201007_COI,X2020_50.19929_115.86133,2020,10,50.19929,-115.86133,Columbia,Columbia,,1,Central,841.0,846.429
76,STREAM_CWSPXX_B_XMAR_0002_A_20201007_COI,X2020_50.22269_115.89578,2020,10,50.22269,-115.89578,Columbia,Columbia,,1,Central,956.0,964.189
77,STREAM_CWSPXX_B_XMAR_0002_B_20201007_COI,X2020_50.22269_115.89578,2020,10,50.22269,-115.89578,Columbia,Columbia,,1,Central,956.0,964.189
78,STREAM_CWSPXX_B_XMAR_0002_C_20201007_COI,X2020_50.22269_115.89578,2020,10,50.22269,-115.89578,Columbia,Columbia,,1,Central,956.0,964.189
79,STREAM_CWSPXX_B_XMAR_0003_A_20201007_COI,X2020_50.21145_115.89085,2020,10,50.21145,-115.89085,Columbia,Columbia,,1,Central,937.0,931.883
80,STREAM_CWSPXX_B_XMAR_0003_B_20201007_COI,X2020_50.21145_115.89085,2020,10,50.21145,-115.89085,Columbia,Columbia,,1,Central,937.0,931.883
81,STREAM_CWSPXX_B_XMAR_0003_C_20201007_COI,X2020_50.21145_115.89085,2020,10,50.21145,-115.89085,Columbia,Columbia,,1,Central,937.0,931.883
82,STREAM_ERAXXX_B_XALX_0001_A_20200921_COI,X2020_49.67394_114.7799,2020,9,49.67394,-114.7799,Columbia,Columbia,,2,Southeast,1220.0,1225.145
83,STREAM_ERAXXX_B_XALX_0001_B_20200921_COI,X2020_49.67394_114.7799,2020,9,49.67394,-114.7799,Columbia,Columbia,,2,Southeast,1220.0,1225.145
84,STREAM_ERAXXX_B_XALX_0001_C_20200921_COI,X2020_49.67394_114.7799,2020,9,49.67394,-114.7799,Columbia,Columbia,,2,Southeast,1220.0,1225.145
85,STREAM_ERAXXX_B_XBOV_0001_A_20200920_COI,X2020_50.02315_114.91624,2020,9,50.02315,-114.91624,Columbia,Columbia,,2,Southeast,1261.0,1260.39
86,STREAM_ERAXXX_B_XBOV_0001_B_20200920_COI,X2020_50.02315_114.91624,2020,9,50.02315,-114.91624,Columbia,Columbia,,2,Southeast,1261.0,1260.39
87,STREAM_ERAXXX_B_XBOV_0001_C_20200920_COI,X2020_50.02315_114.91624,2020,9,50.02315,-114.91624,Columbia,Columbia,,2,Southeast,1261.0,1260.39
88,STREAM_ERAXXX_B_XCOL_0001_A_20200908_COI,X2020_49.49556_115.06644,2020,9,49.49556,-115.06644,Columbia,Columbia,,2,Southeast,998.0,1002.752
89,STREAM_ERAXXX_B_XCOL_0001_B_20200908_COI,X2020_49.49556_115.06644,2020,9,49.49556,-115.06644,Columbia,Columbia,,2,Southeast,998.0,1002.752
90,STREAM_ERAXXX_B_XCOL_0001_C_20200908_COI,X2020_49.49556_115.06644,2020,9,49.49556,-115.06644,Columbia,Columbia,,2,Southeast,998.0,1002.752
91,STREAM_ERAXXX_B_XLIZ_0001_A_20200909_COI,X2020_49.47094_115.0766,2020,9,49.47094,-115.0766,Columbia,Columbia,,2,Southeast,987.0,991.663
92,STREAM_ERAXXX_B_XLIZ_0001_B_20200909_COI,X2020_49.47094_115.0766,2020,9,49.47094,-115.0766,Columbia,Columbia,,2,Southeast,987.0,991.663
93,STREAM_ERAXXX_B_XLIZ_0001_C_20200909_COI,X2020_49.47094_115.0766,2020,9,49.47094,-115.0766,Columbia,Columbia,,2,Southeast,987.0,991.663
94,STREAM_ERAXXX_B_XMOR_0001_A_20200922_COI,X2020_49.35806_115.0088,2020,9,49.35806,-115.0088,Columbia,Columbia,,2,Southeast,943.0,943.484
95,STREAM_ERAXXX_B_XMOR_0001_B_20200922_COI,X2020_49.35806_115.0088,2020,9,49.35806,-115.0088,Columbia,Columbia,,2,Southeast,943.0,943.484
96,STREAM_ERAXXX_B_XMOR_0001_C_20200922_COI,X2020_49.35806_115.0088,2020,9,49.35806,-115.0088,Columbia,Columbia,,2,Southeast,943.0,943.484
97,STREAM_GWASXX_B_XWAP_0002_A_20200901_COI,X2020_51.394444_115.085833,2020,9,51.394444,-115.085833,Bow,South Saskatchewan,,3,Northeast,1558.0,1555.188
98,STREAM_GWASXX_B_XWAP_0002_B_20200901_COI,X2020_51.394444_115.085833,2020,9,51.394444,-115.085833,Bow,South Saskatchewan,,3,Northeast,1558.0,1555.188
99,STREAM_GWASXX_B_XWAP_0002_C_20200901_COI,X2020_51.394444_115.085833,2020,9,51.394444,-115.085833,Bow,South Saskatchewan,,3,Northeast,1558.0,1555.188
100,STREAM_GWASXX_B_XWAP_0003_A_20200903_COI,X2020_51.3925_115.089167,2020,9,51.3925,-115.089167,Bow,South Saskatchewan,,3,Northeast,1562.0,1557.372
101,STREAM_GWASXX_B_XWAP_0003_B_20200903_COI,X2020_51.3925_115.089167,2020,9,51.3925,-115.089167,Bow,South Saskatchewan,,3,Northeast,1562.0,1557.372
102,STREAM_GWASXX_B_XWAP_0003_C_20200903_COI,X2020_51.3925_115.089167,2020,9,51.3925,-115.089167,Bow,South Saskatchewan,,3,Northeast,1562.0,1557.372
103,STREAM_GWASXX_B_XWAP_0004_A_20200909_COI,X2020_51.373889_115.001389,2020,9,51.373889,-115.001389,Bow,South Saskatchewan,,3,Northeast,1442.0,1443.94
104,STREAM_GWASXX_B_XWAP_0004_B_20200909_COI,X2020_51.373889_115.001389,2020,9,51.373889,-115.001389,Bow,South Saskatchewan,,3,Northeast,1442.0,1443.94
105,STREAM_GWASXX_B_XWAP_0004_C_20200909_COI,X2020_51.373889_115.001389,2020,9,51.373889,-115.001389,Bow,South Saskatchewan,,3,Northeast,1442.0,1443.94
106,STREAM_GWASXX_B_XWAP_0005_A_20200909_COI,X2020_51.376111_115.0025,2020,9,51.376111,-115.0025,Bow,South Saskatchewan,,3,Northeast,1445.0,1444.461
107,STREAM_GWASXX_B_XWAP_0005_B_20200909_COI,X2020_51.376111_115.0025,2020,9,51.376111,-115.0025,Bow,South Saskatchewan,,3,Northeast,1445.0,1444.461
108,STREAM_GWASXX_B_XWAP_0005_C_20200909_COI,X2020_51.376111_115.0025,2020,9,51.376111,-115.0025,Bow,South Saskatchewan,,3,Northeast,1445.0,1444.461
109,STREAM_GWASXX_B_XWAP_0006_A_20200910_COI,X2020_51.319444_114.923889,2020,9,51.319444,-114.923889,Bow,South Saskatchewan,,3,Northeast,1352.0,1348.884
110,STREAM_GWASXX_B_XWAP_0006_B_20200910_COI,X2020_51.319444_114.923889,2020,9,51.319444,-114.923889,Bow,South Saskatchewan,,3,Northeast,1352.0,1348.884
111,STREAM_GWASXX_B_XWAP_0006_C_20200910_COI,X2020_51.319444_114.923889,2020,9,51.319444,-114.923889,Bow,South Saskatchewan,,3,Northeast,1352.0,1348.884
118,STREAM_GWASXX_B_XWAP_0009_A_20201005_COI,X2020_51.39306_115.198611,2020,10,51.39306,-115.198611,Bow,South Saskatchewan,,3,Northeast,1698.0,1698.984
119,STREAM_GWASXX_B_XWAP_0009_B_20201005_COI,X2020_51.39306_115.198611,2020,10,51.39306,-115.198611,Bow,South Saskatchewan,,3,Northeast,1698.0,1698.984
120,STREAM_GWASXX_B_XWAP_0009_C_20201005_COI,X2020_51.39306_115.198611,2020,10,51.39306,-115.198611,Bow,South Saskatchewan,,3,Northeast,1698.0,1698.984
121,STREAM_GWASXX_B_XGHO_0001_A_20200923_COI,X2020_51.263889_114.96111,2020,9,51.263889,-114.96111,Bow,South Saskatchewan,,3,Northeast,1347.0,1349.9
122,STREAM_GWASXX_B_XGHO_0001_B_20200923_COI,X2020_51.263889_114.96111,2020,9,51.263889,-114.96111,Bow,South Saskatchewan,,3,Northeast,1347.0,1349.9
123,STREAM_GWASXX_B_XGHO_0001_C_20200923_COI,X2020_51.263889_114.96111,2020,9,51.263889,-114.96111,Bow,South Saskatchewan,,3,Northeast,1347.0,1349.9
124,STREAM_GWASXX_B_XGHO_0002_A_20200923_COI,X2020_51.262778_114.964444,2020,9,51.262778,-114.964444,Bow,South Saskatchewan,,3,Northeast,1345.0,1346.781
125,STREAM_GWASXX_B_XGHO_0002_B_20200923_COI,X2020_51.262778_114.964444,2020,9,51.262778,-114.964444,Bow,South Saskatchewan,,3,Northeast,1345.0,1346.781
126,STREAM_GWASXX_B_XGHO_0002_C_20200923_COI,X2020_51.262778_114.964444,2020,9,51.262778,-114.964444,Bow,South Saskatchewan,,3,Northeast,1345.0,1346.781
127,STREAM_OWCXXX_B_XBVR_0001_A_20201006_COI,X2020_49.820833_113.959444,2020,10,49.820833,-113.959444,Upper South Saskatchewan,South Saskatchewan,,2,Southeast,1426.0,1431.704
128,STREAM_OWCXXX_B_XBVR_0001_B_20201006_COI,X2020_49.820833_113.959444,2020,10,49.820833,-113.959444,Upper South Saskatchewan,South Saskatchewan,,2,Southeast,1426.0,1431.704
129,STREAM_OWCXXX_B_XBVR_0001_C_20201006_COI,X2020_49.820833_113.959444,2020,10,49.820833,-113.959444,Upper South Saskatchewan,South Saskatchewan,,2,Southeast,1426.0,1431.704
130,STREAM_OWCXXX_B_XDOM_0001_A_20201103_COI,X2020_49.897778_114.570556,2020,11,49.897778,-114.570556,Upper South Saskatchewan,South Saskatchewan,,2,Southeast,1617.0,1615.926
131,STREAM_OWCXXX_B_XDOM_0001_B_20201103_COI,X2020_49.897778_114.570556,2020,11,49.897778,-114.570556,Upper South Saskatchewan,South Saskatchewan,,2,Southeast,1617.0,1615.926
132,STREAM_OWCXXX_B_XDOM_0001_C_20201103_COI,X2020_49.897778_114.570556,2020,11,49.897778,-114.570556,Upper South Saskatchewan,South Saskatchewan,,2,Southeast,1617.0,1615.926
133,STREAM_OWCXXX_B_XDUT_0001_A_20200917_COI,X2020_49.894167_114.580833,2020,9,49.894167,-114.580833,Upper South Saskatchewan,South Saskatchewan,,2,Southeast,1631.0,1627.106
134,STREAM_OWCXXX_B_XDUT_0001_B_20200917_COI,X2020_49.894167_114.580833,2020,9,49.894167,-114.580833,Upper South Saskatchewan,South Saskatchewan,,2,Southeast,1631.0,1627.106
135,STREAM_OWCXXX_B_XDUT_0001_C_20200917_COI,X2020_49.894167_114.580833,2020,9,49.894167,-114.580833,Upper South Saskatchewan,South Saskatchewan,,2,Southeast,1631.0,1627.106
136,STREAM_OWCXXX_B_XDUT_0003_A_20201103_COI,X2020_49.91_114.511389,2020,11,49.91,-114.511389,Upper South Saskatchewan,South Saskatchewan,,2,Southeast,1544.0,1543.806
137,STREAM_OWCXXX_B_XDUT_0003_B_20201103_COI,X2020_49.91_114.511389,2020,11,49.91,-114.511389,Upper South Saskatchewan,South Saskatchewan,,2,Southeast,1544.0,1543.806
138,STREAM_OWCXXX_B_XDUT_0003_C_20201103_COI,X2020_49.91_114.511389,2020,11,49.91,-114.511389,Upper South Saskatchewan,South Saskatchewan,,2,Southeast,1544.0,1543.806
139,STREAM_OWCXXX_B_XPSQ_0001_A_20200930_COI,X2020_50.094167_114.614167,2020,9,50.094167,-114.614167,Upper South Saskatchewan,South Saskatchewan,,2,Southeast,1777.0,1772.948
140,STREAM_OWCXXX_B_XPSQ_0001_B_20200930_COI,X2020_50.094167_114.614167,2020,9,50.094167,-114.614167,Upper South Saskatchewan,South Saskatchewan,,2,Southeast,1777.0,1772.948
141,STREAM_OWCXXX_B_XPSQ_0001_C_20200930_COI,X2020_50.094167_114.614167,2020,9,50.094167,-114.614167,Upper South Saskatchewan,South Saskatchewan,,2,Southeast,1777.0,1772.948
142,STREAM_OWCXXX_B_XRAC_0001_A_20200903_COI,X2020_49.800556_114.564444,2020,9,49.800556,-114.564444,Upper South Saskatchewan,South Saskatchewan,,2,Southeast,1627.0,1626.448
143,STREAM_OWCXXX_B_XRAC_0001_B_20200903_COI,X2020_49.800556_114.564444,2020,9,49.800556,-114.564444,Upper South Saskatchewan,South Saskatchewan,,2,Southeast,1627.0,1626.448
144,STREAM_OWCXXX_B_XRAC_0001_C_20200903_COI,X2020_49.800556_114.564444,2020,9,49.800556,-114.564444,Upper South Saskatchewan,South Saskatchewan,,2,Southeast,1627.0,1626.448
145,STREAM_FOKLSS_B_XSLA_0001_A_20201007_COI,X2020_49.35739_117.01997,2020,10,49.35739,-117.01997,Columbia,Columbia,,4,West,2160.0,2157.618
146,STREAM_FOKLSS_B_XSLA_0001_B_20201007_COI,X2020_49.35739_117.01997,2020,10,49.35739,-117.01997,Columbia,Columbia,,4,West,2160.0,2157.618
147,STREAM_FOKLSS_B_XSLA_0001_C_20201007_COI,X2020_49.35739_117.01997,2020,10,49.35739,-117.01997,Columbia,Columbia,,4,West,2160.0,2157.618
148,STREAM_FOKLSS_B_XCOT_0001_A_20201009_COI,X2020_49.285439_117.173341,2020,10,49.285439,-117.173341,Columbia,Columbia,,4,West,1278.0,1271.556
149,STREAM_FOKLSS_B_XCOT_0001_B_20201009_COI,X2020_49.285439_117.173341,2020,10,49.285439,-117.173341,Columbia,Columbia,,4,West,1278.0,1271.556
150,STREAM_FOKLSS_B_XCOT_0001_C_20201009_COI,X2020_49.285439_117.173341,2020,10,49.285439,-117.173341,Columbia,Columbia,,4,West,1278.0,1271.556
151,STREAM_FOKLSS_B_XEAG_0001_A_20200925_COI,X2020_49.2499_117.32196,2020,9,49.2499,-117.32196,Columbia,Columbia,,4,West,1504.0,1510.144
152,STREAM_FOKLSS_B_XEAG_0001_B_20200925_COI,X2020_49.2499_117.32196,2020,9,49.2499,-117.32196,Columbia,Columbia,,4,West,1504.0,1510.144
153,STREAM_FOKLSS_B_XEAG_0001_C_20200925_COI,X2020_49.2499_117.32196,2020,9,49.2499,-117.32196,Columbia,Columbia,,4,West,1504.0,1510.144
154,STREAM_FOKLSS_B_XFOR_0001_A_20200925_COI,X2020_49.461795_117.428075,2020,9,49.461795,-117.428075,Columbia,Columbia,,4,West,764.0,780.891
155,STREAM_FOKLSS_B_XFOR_0001_B_20200925_COI,X2020_49.461795_117.428075,2020,9,49.461795,-117.428075,Columbia,Columbia,,4,West,764.0,780.891
156,STREAM_FOKLSS_B_XFOR_0001_C_20200925_COI,X2020_49.461795_117.428075,2020,9,49.461795,-117.428075,Columbia,Columbia,,4,West,764.0,780.891
157,STREAM_FOKLSS_B_XDUH_0001_A_20200805_COI,X2020_49.34267_117.13598,2020,8,49.34267,-117.13598,Columbia,Columbia,,4,West,1905.0,1905.568
158,STREAM_FOKLSS_B_XDUH_0001_B_20200805_COI,X2020_49.34267_117.13598,2020,8,49.34267,-117.13598,Columbia,Columbia,,4,West,1905.0,1905.568
159,STREAM_FOKLSS_B_XDUH_0001_C_20200805_COI,X2020_49.34267_117.13598,2020,8,49.34267,-117.13598,Columbia,Columbia,,4,West,1905.0,1905.568
160,STREAM_FOKLSS_B_XLIA_0001_A_20201002_COI,X2020_49.2903_117.23662,2020,10,49.2903,-117.23662,Columbia,Columbia,,4,West,1112.0,1116.047
161,STREAM_FOKLSS_B_XLIA_0001_B_20201002_COI,X2020_49.2903_117.23662,2020,10,49.2903,-117.23662,Columbia,Columbia,,4,West,1112.0,1116.047
162,STREAM_FOKLSS_B_XLIA_0001_C_20201002_COI,X2020_49.2903_117.23662,2020,10,49.2903,-117.23662,Columbia,Columbia,,4,West,1112.0,1116.047
196,STREAM_GWASXX_B_XGHO_0003_A_20210826_COI,X2021_51.269_114.926,2021,8,51.269,-114.926,Bow,South Saskatchewan,,3,Northeast,1313.0,1313.487
197,STREAM_GWASXX_B_XGHO_0003_B_20210826_COI,X2021_51.269_114.926,2021,8,51.269,-114.926,Bow,South Saskatchewan,,3,Northeast,1313.0,1313.487
198,STREAM_GWASXX_B_XGHO_0003_C_20210826_COI,X2021_51.269_114.926,2021,8,51.269,-114.926,Bow,South Saskatchewan,,3,Northeast,1313.0,1313.487
199,STREAM_GWASXX_B_XGHO_0004_A_20210826_COI,X2021_51.286_114.8094,2021,8,51.286,-114.8094,Bow,South Saskatchewan,,3,Northeast,1286.0,1279.369
200,STREAM_GWASXX_B_XGHO_0004_B_20210826_COI,X2021_51.286_114.8094,2021,8,51.286,-114.8094,Bow,South Saskatchewan,,3,Northeast,1286.0,1279.369
201,STREAM_GWASXX_B_XGHO_0004_C_20210826_COI,X2021_51.286_114.8094,2021,8,51.286,-114.8094,Bow,South Saskatchewan,,3,Northeast,1286.0,1279.369
202,STREAM_GWASXX_B_XGHO_0005_A_20210830_COI,X2021_51.3099_115.1928,2021,8,51.3099,-115.1928,Bow,South Saskatchewan,,3,Northeast,1608.0,1597.452
203,STREAM_GWASXX_B_XGHO_0005_B_20210830_COI,X2021_51.3099_115.1928,2021,8,51.3099,-115.1928,Bow,South Saskatchewan,,3,Northeast,1608.0,1597.452
204,STREAM_GWASXX_B_XGHO_0005_C_20210830_COI,X2021_51.3099_115.1928,2021,8,51.3099,-115.1928,Bow,South Saskatchewan,,3,Northeast,1608.0,1597.452
205,STREAM_GWASXX_B_XGHO_0006_A_20210830_COI,X2021_51.3202_115.3197,2021,8,51.3202,-115.3197,Bow,South Saskatchewan,,3,Northeast,1733.0,1726.878
206,STREAM_GWASXX_B_XGHO_0006_B_20210830_COI,X2021_51.3202_115.3197,2021,8,51.3202,-115.3197,Bow,South Saskatchewan,,3,Northeast,1733.0,1726.878
207,STREAM_GWASXX_B_XGHO_0006_C_20210830_COI,X2021_51.3202_115.3197,2021,8,51.3202,-115.3197,Bow,South Saskatchewan,,3,Northeast,1733.0,1726.878
208,STREAM_GWASXX_B_XWAP_0002_A_20210902_COI,X2021_51.3944_115.085833,2021,9,51.3944,-115.085833,Bow,South Saskatchewan,,3,Northeast,1558.0,1555.188
209,STREAM_GWASXX_B_XWAP_0002_B_20210902_COI,X2021_51.3944_115.085833,2021,9,51.3944,-115.085833,Bow,South Saskatchewan,,3,Northeast,1558.0,1555.188
210,STREAM_GWASXX_B_XWAP_0002_C_20210902_COI,X2021_51.3944_115.085833,2021,9,51.3944,-115.085833,Bow,South Saskatchewan,,3,Northeast,1558.0,1555.188
211,STREAM_GWASXX_B_XWAP_0003_A_20210902_COI,X2021_51.3925_115.089167,2021,9,51.3925,-115.089167,Bow,South Saskatchewan,,3,Northeast,1562.0,1557.372
212,STREAM_GWASXX_B_XWAP_0003_B_20210902_COI,X2021_51.3925_115.089167,2021,9,51.3925,-115.089167,Bow,South Saskatchewan,,3,Northeast,1562.0,1557.372
213,STREAM_GWASXX_B_XWAP_0003_C_20210902_COI,X2021_51.3925_115.089167,2021,9,51.3925,-115.089167,Bow,South Saskatchewan,,3,Northeast,1562.0,1557.372
214,STREAM_GWASXX_B_XJOH_0001_A_20210907_COI,X2021_51.3916_115.0895,2021,9,51.3916,-115.0895,Bow,South Saskatchewan,,3,Northeast,1564.0,1558.324
215,STREAM_GWASXX_B_XJOH_0001_B_20210907_COI,X2021_51.3916_115.0895,2021,9,51.3916,-115.0895,Bow,South Saskatchewan,,3,Northeast,1564.0,1558.324
216,STREAM_GWASXX_B_XJOH_0001_C_20210907_COI,X2021_51.3916_115.0895,2021,9,51.3916,-115.0895,Bow,South Saskatchewan,,3,Northeast,1564.0,1558.324
217,STREAM_GWASXX_B_XGHO_0007_A_20210910_COI,X2021_51.2417_114.7415,2021,9,51.2417,-114.7415,Bow,South Saskatchewan,,3,Northeast,1206.0,1209.44
218,STREAM_GWASXX_B_XGHO_0007_B_20210910_COI,X2021_51.2417_114.7415,2021,9,51.2417,-114.7415,Bow,South Saskatchewan,,3,Northeast,1206.0,1209.44
219,STREAM_GWASXX_B_XGHO_0007_C_20210910_COI,X2021_51.2417_114.7415,2021,9,51.2417,-114.7415,Bow,South Saskatchewan,,3,Northeast,1206.0,1209.44
220,STREAM_FOLRXX_B_MOBB_0001_A_20210701_COI,X2021_50.507698_117.270437,2021,7,50.507698,-117.270437,Columbia,Columbia,,4,West,721.0,733.303
221,STREAM_FOLRXX_B_MOBB_0001_B_20210701_COI,X2021_50.507698_117.270437,2021,7,50.507698,-117.270437,Columbia,Columbia,,4,West,721.0,733.303
222,STREAM_FOLRXX_B_MOBB_0001_C_20210701_COI,X2021_50.507698_117.270437,2021,7,50.507698,-117.270437,Columbia,Columbia,,4,West,721.0,733.303
223,STREAM_FOLRXX_B_HOPE_0001_A_20210701_COI,X2021_50.457558_117.190695,2021,7,50.457558,-117.190695,Columbia,Columbia,,4,West,684.0,684.012
224,STREAM_FOLRXX_B_HOPE_0001_B_20210701_COI,X2021_50.457558_117.190695,2021,7,50.457558,-117.190695,Columbia,Columbia,,4,West,684.0,684.012
225,STREAM_FOLRXX_B_HOPE_0001_C_20210701_COI,X2021_50.457558_117.190695,2021,7,50.457558,-117.190695,Columbia,Columbia,,4,West,684.0,684.012
226,STREAM_FOKLSS_B_XDUH_0002_A_20210810_COI,X2021_49.571111_117.22675,2021,8,49.571111,-117.22675,Columbia,Columbia,,4,West,533.0,538.393
227,STREAM_FOKLSS_B_XDUH_0002_B_20210810_COI,X2021_49.571111_117.22675,2021,8,49.571111,-117.22675,Columbia,Columbia,,4,West,533.0,538.393
228,STREAM_FOKLSS_B_XDUH_0002_C_20210810_COI,X2021_49.571111_117.22675,2021,8,49.571111,-117.22675,Columbia,Columbia,,4,West,533.0,538.393
229,STREAM_FOKLSS_B_XRED_0001_A_20210810_COI,X2021_49.61333_117.046417,2021,8,49.61333,-117.046417,Columbia,Columbia,,4,West,534.0,540.582
230,STREAM_FOKLSS_B_XRED_0001_B_20210810_COI,X2021_49.61333_117.046417,2021,8,49.61333,-117.046417,Columbia,Columbia,,4,West,534.0,540.582
231,STREAM_FOKLSS_B_XRED_0001_C_20210810_COI,X2021_49.61333_117.046417,2021,8,49.61333,-117.046417,Columbia,Columbia,,4,West,534.0,540.582
232,STREAM_FOKLSS_B_XKOK_0001_A_20210812_COI,X2021_49.604278_117.125972,2021,8,49.604278,-117.125972,Columbia,Columbia,,4,West,541.0,555.552
233,STREAM_FOKLSS_B_XKOK_0001_B_20210812_COI,X2021_49.604278_117.125972,2021,8,49.604278,-117.125972,Columbia,Columbia,,4,West,541.0,555.552
234,STREAM_FOKLSS_B_XKOK_0001_C_20210812_COI,X2021_49.604278_117.125972,2021,8,49.604278,-117.125972,Columbia,Columbia,,4,West,541.0,555.552
235,STREAM_FOKLSS_B_XCOT_0002_A_20219816_COI,X2021_49.802522_117.490983,2021,98,49.802522,-117.490983,Columbia,Columbia,,4,West,607.0,628.507
236,STREAM_FOKLSS_B_XCOT_0002_B_20219816_COI,X2021_49.802522_117.490983,2021,98,49.802522,-117.490983,Columbia,Columbia,,4,West,607.0,628.507
237,STREAM_FOKLSS_B_XCOT_0002_C_20219816_COI,X2021_49.802522_117.490983,2021,98,49.802522,-117.490983,Columbia,Columbia,,4,West,607.0,628.507
238,STREAM_FOKLSS_B_XFOR_0002_A_20210923_COI,X2021_49.810833_117.429167,2021,9,49.810833,-117.429167,Columbia,Columbia,,4,West,1356.0,1365.406
239,STREAM_FOKLSS_B_XFOR_0002_B_20210923_COI,X2021_49.810833_117.429167,2021,9,49.810833,-117.429167,Columbia,Columbia,,4,West,1356.0,1365.406
240,STREAM_FOKLSS_B_XFOR_0002_C_20210923_COI,X2021_49.810833_117.429167,2021,9,49.810833,-117.429167,Columbia,Columbia,,4,West,1356.0,1365.406
241,STREAM_FOKLSS_B_XEAG_0002_A_20210923_COI,X2021_49.810833_117.661944,2021,9,49.810833,-117.661944,Columbia,Columbia,,4,West,1515.0,1513.432
242,STREAM_FOKLSS_B_XEAG_0002_B_20210923_COI,X2021_49.810833_117.661944,2021,9,49.810833,-117.661944,Columbia,Columbia,,4,West,1515.0,1513.432
243,STREAM_FOKLSS_B_XEAG_0002_C_20210923_COI,X2021_49.810833_117.661944,2021,9,49.810833,-117.661944,Columbia,Columbia,,4,West,1515.0,1513.432
244,STREAM_FOKLSS_B_XLAI_0002_A_20211006_COI,X2021_50.033528_117.661944,2021,10,50.033528,-117.661944,Columbia,Columbia,,4,West,1520.0,1555.427
245,STREAM_FOKLSS_B_XLAI_0002_B_20211006_COI,X2021_50.033528_117.661944,2021,10,50.033528,-117.661944,Columbia,Columbia,,4,West,1520.0,1555.427
246,STREAM_FOKLSS_B_XLAI_0002_C_20211006_COI,X2021_50.033528_117.661944,2021,10,50.033528,-117.661944,Columbia,Columbia,,4,West,1520.0,1555.427
247,STREAM_FOKLSS_B_XFAL_0001_A_20211019_COI,X2021_49.473139_117.474167,2021,10,49.473139,-117.474167,Columbia,Columbia,,4,West,596.0,623.35
248,STREAM_FOKLSS_B_XFAL_0001_B_20211019_COI,X2021_49.473139_117.474167,2021,10,49.473139,-117.474167,Columbia,Columbia,,4,West,596.0,623.35
249,STREAM_FOKLSS_B_XFAL_0001_C_20211019_COI,X2021_49.473139_117.474167,2021,10,49.473139,-117.474167,Columbia,Columbia,,4,West,596.0,623.35
250,STREAM_FOKLSS_B_XSLA_0002_A_20211021_COI,X2021_49.635222_117.913889,2021,10,49.635222,-117.913889,Columbia,Columbia,,4,West,1463.0,1461.427
251,STREAM_FOKLSS_B_XSLA_0002_B_20211021_COI,X2021_49.635222_117.913889,2021,10,49.635222,-117.913889,Columbia,Columbia,,4,West,1463.0,1461.427
252,STREAM_FOKLSS_B_XSLA_0002_C_20211021_COI,X2021_49.635222_117.913889,2021,10,49.635222,-117.913889,Columbia,Columbia,,4,West,1463.0,1461.427
253,STREAM_OWCXXX_B_XHID_0001_A_20210915_COI,X2021_49.97741_114.54428,2021,9,49.97741,-114.54428,Upper South Saskatchewan,South Saskatchewan,,2,Southeast,1705.0,1687.942
254,STREAM_OWCXXX_B_XHID_0001_B_20210915_COI,X2021_49.97741_114.54428,2021,9,49.97741,-114.54428,Upper South Saskatchewan,South Saskatchewan,,2,Southeast,1705.0,1687.942
255,STREAM_OWCXXX_B_XHID_0001_C_20210915_COI,X2021_49.97741_114.54428,2021,9,49.97741,-114.54428,Upper South Saskatchewan,South Saskatchewan,,2,Southeast,1705.0,1687.942
256,STREAM_OWCXXX_B_XCAR_0001_A_20210929_COI,X2021_49.42855_114.44899,2021,9,49.42855,-114.44899,Upper South Saskatchewan,South Saskatchewan,,2,Southeast,1421.0,1413.949
257,STREAM_OWCXXX_B_XCAR_0001_B_20210929_COI,X2021_49.42855_114.44899,2021,9,49.42855,-114.44899,Upper South Saskatchewan,South Saskatchewan,,2,Southeast,1421.0,1413.949
258,STREAM_OWCXXX_B_XCAR_0001_C_20210929_COI,X2021_49.42855_114.44899,2021,9,49.42855,-114.44899,Upper South Saskatchewan,South Saskatchewan,,2,Southeast,1421.0,1413.949
259,STREAM_OWCXXX_B_XWCA_0001_A_20211006_COI,X2021_49.38448_114.3521,2021,10,49.38448,-114.3521,Upper South Saskatchewan,South Saskatchewan,,2,Southeast,1355.0,1352.149
260,STREAM_OWCXXX_B_XWCA_0001_B_20211006_COI,X2021_49.38448_114.3521,2021,10,49.38448,-114.3521,Upper South Saskatchewan,South Saskatchewan,,2,Southeast,1355.0,1352.149
261,STREAM_OWCXXX_B_XWCA_0001_C_20211006_COI,X2021_49.38448_114.3521,2021,10,49.38448,-114.3521,Upper South Saskatchewan,South Saskatchewan,,2,Southeast,1355.0,1352.149
262,STREAM_OWCXXX_B_XDUT_0002_A_20210902_COI,X2021_49.911167_114.488194,2021,9,49.911167,-114.488194,Upper South Saskatchewan,South Saskatchewan,,2,Southeast,1520.0,1517.33
263,STREAM_OWCXXX_B_XDUT_0002_B_20210902_COI,X2021_49.911167_114.488194,2021,9,49.911167,-114.488194,Upper South Saskatchewan,South Saskatchewan,,2,Southeast,1520.0,1517.33
264,STREAM_OWCXXX_B_XDUT_0002_C_20210902_COI,X2021_49.911167_114.488194,2021,9,49.911167,-114.488194,Upper South Saskatchewan,South Saskatchewan,,2,Southeast,1520.0,1517.33
265,STREAM_OWCXXX_B_XNLO_0001_A_20210929_COI,X2021_49.44808_114.49458,2021,9,49.44808,-114.49458,Upper South Saskatchewan,South Saskatchewan,,2,Southeast,1491.0,1489.571
266,STREAM_OWCXXX_B_XNLO_0001_B_20210929_COI,X2021_49.44808_114.49458,2021,9,49.44808,-114.49458,Upper South Saskatchewan,South Saskatchewan,,2,Southeast,1491.0,1489.571
267,STREAM_OWCXXX_B_XNLO_0001_C_20210929_COI,X2021_49.44808_114.49458,2021,9,49.44808,-114.49458,Upper South Saskatchewan,South Saskatchewan,,2,Southeast,1491.0,1489.571
268,STREAM_CHARSX_B_XMAR_0001_A_20211028_COI,X2021_50.19916_115.8592,2021,10,50.19916,-115.8592,Columbia,Columbia,,1,Central,821.0,841.451
269,STREAM_CHARSX_B_XMAR_0001_B_20211028_COI,X2021_50.19916_115.8592,2021,10,50.19916,-115.8592,Columbia,Columbia,,1,Central,821.0,841.451
270,STREAM_CHARSX_B_XMAR_0001_C_20211028_COI,X2021_50.19916_115.8592,2021,10,50.19916,-115.8592,Columbia,Columbia,,1,Central,821.0,841.451
271,STREAM_CHARSX_B_XMAR_0002_A_20211019_COI,X2021_50.21175_115.89012,2021,10,50.21175,-115.89012,Columbia,Columbia,,1,Central,934.0,929.061
272,STREAM_CHARSX_B_XMAR_0002_B_20211019_COI,X2021_50.21175_115.89012,2021,10,50.21175,-115.89012,Columbia,Columbia,,1,Central,934.0,929.061
273,STREAM_CHARSX_B_XMAR_0002_C_20211019_COI,X2021_50.21175_115.89012,2021,10,50.21175,-115.89012,Columbia,Columbia,,1,Central,934.0,929.061
274,STREAM_CHARSX_B_XMAR_0003_A_20211019_COI,X2021_50.2228_115.8959,2021,10,50.2228,-115.8959,Columbia,Columbia,,1,Central,956.0,964.189
275,STREAM_CHARSX_B_XMAR_0003_B_20211019_COI,X2021_50.2228_115.8959,2021,10,50.2228,-115.8959,Columbia,Columbia,,1,Central,956.0,964.189
276,STREAM_CHARSX_B_XMAR_0003_C_20211019_COI,X2021_50.2228_115.8959,2021,10,50.2228,-115.8959,Columbia,Columbia,,1,Central,956.0,964.189
277,STREAM_CHARSX_B_XBEA_0001_B_20211025_COI,X2021_51.04203_116.59088,2021,10,51.04203,-116.59088,Columbia,Columbia,,1,Central,787.0,790.281
278,STREAM_CHARSX_B_XBEA_0001_C_20211025_COI,X2021_51.04203_116.59088,2021,10,51.04203,-116.59088,Columbia,Columbia,,1,Central,787.0,790.281
279,STREAM_CHARSX_B_XBEA_0001_A_20211025_COI,X2021_51.04203_116.59088,2021,10,51.04203,-116.59088,Columbia,Columbia,,1,Central,787.0,790.281
280,STREAM_CHARSX_B_XBEA_0002_A_20211025_COI,X2021_51.04387_116.58812,2021,10,51.04387,-116.58812,Columbia,Columbia,,1,Central,800.0,803.49
281,STREAM_CHARSX_B_XBEA_0002_B_20211025_COI,X2021_51.04387_116.58812,2021,10,51.04387,-116.58812,Columbia,Columbia,,1,Central,800.0,803.49
282,STREAM_CHARSX_B_XBEA_0002_C_20211025_COI,X2021_51.04387_116.58812,2021,10,51.04387,-116.58812,Columbia,Columbia,,1,Central,800.0,803.49
283,STREAM_CHARSX_B_XBEA_0003_A_20211020_COI,X2021_51.05005_116.58184,2021,10,51.05005,-116.58184,Columbia,Columbia,,1,Central,882.0,900.652
284,STREAM_CHARSX_B_XBEA_0003_B_20211020_COI,X2021_51.05005_116.58184,2021,10,51.05005,-116.58184,Columbia,Columbia,,1,Central,882.0,900.652
285,STREAM_CHARSX_B_XBEA_0003_C_20211020_COI,X2021_51.05005_116.58184,2021,10,51.05005,-116.58184,Columbia,Columbia,,1,Central,882.0,900.652
286,STREAM_CHARSX_B_XGAL_0001_A_20211029_COI,X2021_50.88896_116.36055,2021,10,50.88896,-116.36055,Columbia,Columbia,,1,Central,784.0,795.626
287,STREAM_CHARSX_B_XGAL_0001_B_20211029_COI,X2021_50.88896_116.36055,2021,10,50.88896,-116.36055,Columbia,Columbia,,1,Central,784.0,795.626
288,STREAM_CHARSX_B_XGAL_0001_C_20211029_COI,X2021_50.88896_116.36055,2021,10,50.88896,-116.36055,Columbia,Columbia,,1,Central,784.0,795.626
289,STREAM_CHARSX_B_XGAL_0002_A_20211029_COI,X2021_50.89445_116.35212,2021,10,50.89445,-116.35212,Columbia,Columbia,,1,Central,828.0,836.515
290,STREAM_CHARSX_B_XGAL_0002_B_20211029_COI,X2021_50.89445_116.35212,2021,10,50.89445,-116.35212,Columbia,Columbia,,1,Central,828.0,836.515
291,STREAM_CHARSX_B_XGAL_0002_C_20211029_COI,X2021_50.89445_116.35212,2021,10,50.89445,-116.35212,Columbia,Columbia,,1,Central,828.0,836.515
292,STREAM_CHARSX_B_XGAL_0003_A_20211018_COI,X2021_50.89681_116.34569,2021,10,50.89681,-116.34569,Columbia,Columbia,,1,Central,865.0,888.716
293,STREAM_CHARSX_B_XGAL_0003_B_20211018_COI,X2021_50.89681_116.34569,2021,10,50.89681,-116.34569,Columbia,Columbia,,1,Central,865.0,888.716
294,STREAM_CHARSX_B_XGAL_0003_C_20211018_COI,X2021_50.89681_116.34569,2021,10,50.89681,-116.34569,Columbia,Columbia,,1,Central,865.0,888.716
295,STREAM_CHARSX_B_XSHU_0001_A_20211014_COI,X2021_50.547602_116.036583,2021,10,50.547602,-116.036583,Columbia,Columbia,,1,Central,807.0,805.303
296,STREAM_CHARSX_B_XSHU_0001_B_20211014_COI,X2021_50.547602_116.036583,2021,10,50.547602,-116.036583,Columbia,Columbia,,1,Central,807.0,805.303
297,STREAM_CHARSX_B_XSHU_0001_C_20211014_COI,X2021_50.547602_116.036583,2021,10,50.547602,-116.036583,Columbia,Columbia,,1,Central,807.0,805.303
298,STREAM_CHARSX_B_XSHU_0002_A_20211014_COI,X2021_50.542143_116.020634,2021,10,50.542143,-116.020634,Columbia,Columbia,,1,Central,844.0,849.548
299,STREAM_CHARSX_B_XSHU_0002_B_20211014_COI,X2021_50.542143_116.020634,2021,10,50.542143,-116.020634,Columbia,Columbia,,1,Central,844.0,849.548
300,STREAM_CHARSX_B_XSHU_0002_C_20211014_COI,X2021_50.542143_116.020634,2021,10,50.542143,-116.020634,Columbia,Columbia,,1,Central,844.0,849.548
301,STREAM_CHARSX_B_XSHU_0003_A_20211015_COI,X2021_50.5364_115.99129,2021,10,50.5364,-115.99129,Columbia,Columbia,,1,Central,918.0,923.083
302,STREAM_CHARSX_B_XSHU_0003_B_20211015_COI,X2021_50.5364_115.99129,2021,10,50.5364,-115.99129,Columbia,Columbia,,1,Central,918.0,923.083
303,STREAM_CHARSX_B_XSHU_0003_C_20211015_COI,X2021_50.5364_115.99129,2021,10,50.5364,-115.99129,Columbia,Columbia,,1,Central,918.0,923.083
304,STREAM_ERAXXX_B_XALX_0001_A_20210915_COI,X2021_49.67394_114.78,2021,9,49.67394,-114.78,Columbia,Columbia,,2,Southeast,1220.0,1225.145
305,STREAM_ERAXXX_B_XALX_0001_B_20210915_COI,X2021_49.67394_114.78,2021,9,49.67394,-114.78,Columbia,Columbia,,2,Southeast,1220.0,1225.145
306,STREAM_ERAXXX_B_XALX_0001_C_20210915_COI,X2021_49.67394_114.78,2021,9,49.67394,-114.78,Columbia,Columbia,,2,Southeast,1220.0,1225.145
307,STREAM_ERAXXX_B_XBOI_0001_A_20211005_COI,X2021_50.02315_114.916,2021,10,50.02315,-114.916,Columbia,Columbia,,2,Southeast,1261.0,1259.891
308,STREAM_ERAXXX_B_XBOI_0001_B_20211005_COI,X2021_50.02315_114.916,2021,10,50.02315,-114.916,Columbia,Columbia,,2,Southeast,1261.0,1259.891
309,STREAM_ERAXXX_B_XBOI_0001_C_20211005_COI,X2021_50.02315_114.916,2021,10,50.02315,-114.916,Columbia,Columbia,,2,Southeast,1261.0,1259.891
310,STREAM_ERAXXX_B_XCOL_0001_A_20211008_COI,X2021_49.49556_115.066,2021,10,49.49556,-115.066,Columbia,Columbia,,2,Southeast,998.0,1003.428
311,STREAM_ERAXXX_B_XCOL_0001_B_20211008_COI,X2021_49.49556_115.066,2021,10,49.49556,-115.066,Columbia,Columbia,,2,Southeast,998.0,1003.428
312,STREAM_ERAXXX_B_XCOL_0001_C_20211008_COI,X2021_49.49556_115.066,2021,10,49.49556,-115.066,Columbia,Columbia,,2,Southeast,998.0,1003.428
313,STREAM_ERAXXX_B_XLIZ_0001_A_20211003_COI,X2021_49.47094_115.077,2021,10,49.47094,-115.077,Columbia,Columbia,,2,Southeast,989.0,994.352
314,STREAM_ERAXXX_B_XLIZ_0001_B_20211003_COI,X2021_49.47094_115.077,2021,10,49.47094,-115.077,Columbia,Columbia,,2,Southeast,989.0,994.352
315,STREAM_ERAXXX_B_XLIZ_0001_C_20211003_COI,X2021_49.47094_115.077,2021,10,49.47094,-115.077,Columbia,Columbia,,2,Southeast,989.0,994.352
316,STREAM_ERAXXX_B_XMOR_0001_A_20211004_COI,X2021_49.35806_115.001,2021,10,49.35806,-115.001,Columbia,Columbia,,2,Southeast,945.0,953.097
317,STREAM_ERAXXX_B_XMOR_0001_B_20211004_COI,X2021_49.35806_115.001,2021,10,49.35806,-115.001,Columbia,Columbia,,2,Southeast,945.0,953.097
318,STREAM_ERAXXX_B_XMOR_0001_C_20211004_COI,X2021_49.35806_115.001,2021,10,49.35806,-115.001,Columbia,Columbia,,2,Southeast,945.0,953.097
319,STREAM_UOCXXX_B_XCUS_0001_A_20211103_COI,X2021_51.074475_115.354181,2021,11,51.074475,-115.354181,Bow,South Saskatchewan,,3,Northeast,1306.0,1307.822
320,STREAM_UOCXXX_B_XCUS_0001_B_20211103_COI,X2021_51.074475_115.354181,2021,11,51.074475,-115.354181,Bow,South Saskatchewan,,3,Northeast,1306.0,1307.822
321,STREAM_UOCXXX_B_XCUS_0001_C_20211103_COI,X2021_51.074475_115.354181,2021,11,51.074475,-115.354181,Bow,South Saskatchewan,,3,Northeast,1306.0,1307.822
322,STREAM_UOCXXX_B_XCDS_0001_A_20211103_COI,X2021_51.070404_115.347786,2021,11,51.070404,-115.347786,Bow,South Saskatchewan,,3,Northeast,1306.0,1307.857
323,STREAM_UOCXXX_B_XCDS_0001_B_20211103_COI,X2021_51.070404_115.347786,2021,11,51.070404,-115.347786,Bow,South Saskatchewan,,3,Northeast,1306.0,1307.857
324,STREAM_UOCXXX_B_XCDS_0001_C_20211103_COI,X2021_51.070404_115.347786,2021,11,51.070404,-115.347786,Bow,South Saskatchewan,,3,Northeast,1306.0,1307.857
325,STREAM_UOCXXX_B_XBWP_0001_A_20211101_COI,X2021_51.098791_114.198878,2021,11,51.098791,-114.198878,Bow,South Saskatchewan,,3,Northeast,1070.0,1063.531
326,STREAM_UOCXXX_B_XBWP_0001_B_20211101_COI,X2021_51.098791_114.198878,2021,11,51.098791,-114.198878,Bow,South Saskatchewan,,3,Northeast,1070.0,1063.531
327,STREAM_UOCXXX_B_XBWP_0001_C_20211101_COI,X2021_51.098791_114.198878,2021,11,51.098791,-114.198878,Bow,South Saskatchewan,,3,Northeast,1070.0,1063.531
328,STREAM_UOCXXX_B_XPMF_0001_A_20211104_COI,X2021_50.846389_113.944499,2021,11,50.846389,-113.944499,Bow,South Saskatchewan,,3,Northeast,978.0,977.969
329,STREAM_UOCXXX_B_XPMF_0001_B_20211104_COI,X2021_50.846389_113.944499,2021,11,50.846389,-113.944499,Bow,South Saskatchewan,,3,Northeast,978.0,977.969
330,STREAM_UOCXXX_B_XPMF_0001_C_20211104_COI,X2021_50.846389_113.944499,2021,11,50.846389,-113.944499,Bow,South Saskatchewan,,3,Northeast,978.0,977.969
331,STREAM_LWALLC_B_XWIN_0001_A_20211104_COI,X2021_50.459035_115.986712,2021,11,50.459035,-115.986712,Columbia,Columbia,,1,Central,810.0,809.623
332,STREAM_LWALLC_B_XWIN_0001_B_20211104_COI,X2021_50.459035_115.986712,2021,11,50.459035,-115.986712,Columbia,Columbia,,1,Central,810.0,809.623
333,STREAM_LWALLC_B_XWIN_0001_C_20211104_COI,X2021_50.459035_115.986712,2021,11,50.459035,-115.986712,Columbia,Columbia,,1,Central,810.0,809.623
334,STREAM_GWASXX_B_XJOH_0001_A_20220830_COI,X2022_51.3916_115.0895,2022,8,51.3916,-115.0895,,,Johnson Creek,3,Northeast,1564.0,1558.324
335,STREAM_GWASXX_B_XJOH_0001_B_20220830_COI,X2022_51.3916_115.0895,2022,8,51.3916,-115.0895,,,Johnson Creek,3,Northeast,1564.0,1558.324
336,STREAM_GWASXX_B_XJOH_0001_C_20220830_COI,X2022_51.3916_115.0895,2022,8,51.3916,-115.0895,,,Johnson Creek,3,Northeast,1564.0,1558.324
337,STREAM_GWASXX_B_XMEA_0001_A_20220830_COI,X2022_51.37459_115.002716,2022,8,51.37459,-115.002716,,,Meadow Creek,3,Northeast,1443.0,1444.785
338,STREAM_GWASXX_B_XMEA_0001_B_20220830_COI,X2022_51.37459_115.002716,2022,8,51.37459,-115.002716,,,Meadow Creek,3,Northeast,1443.0,1444.785
339,STREAM_GWASXX_B_XMEA_0001_C_20220830_COI,X2022_51.37459_115.002716,2022,8,51.37459,-115.002716,,,Meadow Creek,3,Northeast,1443.0,1444.785
340,STREAM_GWASXX_B_XWAP_0002_A_20220907_COI,X2022_51.394048_115.086087,2022,9,51.394048,-115.086087,,,Waiparous Creek,3,Northeast,1561.0,1556.0
341,STREAM_GWASXX_B_XWAP_0002_B_20220907_COI,X2022_51.394048_115.086087,2022,9,51.394048,-115.086087,,,Waiparous Creek,3,Northeast,1561.0,1556.0
342,STREAM_GWASXX_B_XWAP_0002_C_20220907_COI,X2022_51.394048_115.086087,2022,9,51.394048,-115.086087,,,Waiparous Creek,3,Northeast,1561.0,1556.0
343,STREAM_GWASXX_B_XWAP_0003_A_20220907_COI,X2022_51.3925_115.0892,2022,9,51.3925,-115.0892,,,Waiparous Creek,3,Northeast,1562.0,1557.372
344,STREAM_GWASXX_B_XWAP_0003_B_20220907_COI,X2022_51.3925_115.0892,2022,9,51.3925,-115.0892,,,Waiparous Creek,3,Northeast,1562.0,1557.372
345,STREAM_GWASXX_B_XWAP_0003_C_20220907_COI,X2022_51.3925_115.0892,2022,9,51.3925,-115.0892,,,Waiparous Creek,3,Northeast,1562.0,1557.372
346,STREAM_LLCXXX_B_XGOA_0001_A_20221005_COI,X2022_49.0807_116.51907,2022,10,49.0807,-116.51907,,,Goat River,4,West,543.0,539.266
347,STREAM_LLCXXX_B_XGOA_0001_B_20221005_COI,X2022_49.0807_116.51907,2022,10,49.0807,-116.51907,,,Goat River,4,West,543.0,539.266
348,STREAM_LLCXXX_B_XGOA_0001_C_20221005_COI,X2022_49.0807_116.51907,2022,10,49.0807,-116.51907,,,Goat River,4,West,543.0,539.266
349,STREAM_FOKLSS_B_XPRO_0001_A_20220812_COI,X2022_49.61028_116.955,2022,8,49.61028,-116.955,,,Procter Creek,4,West,715.0,742.315
350,STREAM_FOKLSS_B_XPRO_0001_B_20220812_COI,X2022_49.61028_116.955,2022,8,49.61028,-116.955,,,Procter Creek,4,West,715.0,742.315
351,STREAM_FOKLSS_B_XPRO_0001_C_20220812_COI,X2022_49.61028_116.955,2022,8,49.61028,-116.955,,,Procter Creek,4,West,715.0,742.315
352,STREAM_FOKLSS_B_FHAR_0001_A_20220812_COI,X2022_49.59538_117.06,2022,8,49.59538,-117.06,,,Harrop Creek,4,West,628.0,642.769
353,STREAM_FOKLSS_B_FHAR_0001_B_20220812_COI,X2022_49.59538_117.06,2022,8,49.59538,-117.06,,,Harrop Creek,4,West,628.0,642.769
354,STREAM_FOKLSS_B_FHAR_0001_C_20220812_COI,X2022_49.59538_117.06,2022,8,49.59538,-117.06,,,Harrop Creek,4,West,628.0,642.769
355,STREAM_FOKLSS_B_XAND_0001_A_20220912_COI,X2022_49.50431_117.268,2022,9,49.50431,-117.268,,,Anderson Creek,4,West,648.0,647.392
356,STREAM_FOKLSS_B_XAND_0001_B_20220912_COI,X2022_49.50431_117.268,2022,9,49.50431,-117.268,,,Anderson Creek,4,West,648.0,647.392
357,STREAM_FOKLSS_B_XAND_0001_C_20220912_COI,X2022_49.50431_117.268,2022,9,49.50431,-117.268,,,Anderson Creek,4,West,648.0,647.392
358,STREAM_FOKLSS_B_XSAN_0001_A_20220913_COI,X2022_49.48766_117.382,2022,9,49.48766,-117.382,,,Sandy Creek,4,West,535.0,541.512
359,STREAM_FOKLSS_B_XSAN_0001_B_20220913_COI,X2022_49.48766_117.382,2022,9,49.48766,-117.382,,,Sandy Creek,4,West,535.0,541.512
360,STREAM_FOKLSS_B_XSAN_0001_C_20220913_COI,X2022_49.48766_117.382,2022,9,49.48766,-117.382,,,Sandy Creek,4,West,535.0,541.512
361,STREAM_FOKLSS_B_XSPR_0001_A_20220913_COI,X2022_49.52136_117.411,2022,9,49.52136,-117.411,,,Sproule Creek,4,West,772.0,792.107
362,STREAM_FOKLSS_B_XSPR_0001_B_20220913_COI,X2022_49.52136_117.411,2022,9,49.52136,-117.411,,,Sproule Creek,4,West,772.0,792.107
363,STREAM_FOKLSS_B_XSPR_0001_C_20220913_COI,X2022_49.52136_117.411,2022,9,49.52136,-117.411,,,Sproule Creek,4,West,772.0,792.107
364,STREAM_ERAXXX_B_XALX_0001_A_20220914_COI,X2022_49.67394_114.78,2022,9,49.67394,-114.78,,,Alexander Creek,2,Southeast,1220.0,1225.145
365,STREAM_ERAXXX_B_XALX_0001_B_20220914_COI,X2022_49.67394_114.78,2022,9,49.67394,-114.78,,,Alexander Creek,2,Southeast,1220.0,1225.145
366,STREAM_ERAXXX_B_XALX_0001_C_20220914_COI,X2022_49.67394_114.78,2022,9,49.67394,-114.78,,,Alexander Creek,2,Southeast,1220.0,1225.145
367,STREAM_ERAXXX_B_XCOL_0001_A_20220918_COI,X2022_49.49556_115.066,2022,9,49.49556,-115.066,,,Coal Creek,2,Southeast,998.0,1003.428
368,STREAM_ERAXXX_B_XCOL_0001_B_20220918_COI,X2022_49.49556_115.066,2022,9,49.49556,-115.066,,,Coal Creek,2,Southeast,998.0,1003.428
369,STREAM_ERAXXX_B_XCOL_0001_C_20220918_COI,X2022_49.49556_115.066,2022,9,49.49556,-115.066,,,Coal Creek,2,Southeast,998.0,1003.428
370,STREAM_ERAXXX_B_XLIZ_0001_A_20220919_COI,X2022_49.47094_115.077,2022,9,49.47094,-115.077,,,Lizard Creek,2,Southeast,989.0,994.352
371,STREAM_ERAXXX_B_XLIZ_0001_B_20220919_COI,X2022_49.47094_115.077,2022,9,49.47094,-115.077,,,Lizard Creek,2,Southeast,989.0,994.352
372,STREAM_ERAXXX_B_XLIZ_0001_C_20220919_COI,X2022_49.47094_115.077,2022,9,49.47094,-115.077,,,Lizard Creek,2,Southeast,989.0,994.352
373,STREAM_ERAXXX_B_XMOR_0001_A_20220911_COI,X2022_49.35806_115.001,2022,9,49.35806,-115.001,,,Morrissey Creek,2,Southeast,945.0,953.097
374,STREAM_ERAXXX_B_XMOR_0001_B_20220911_COI,X2022_49.35806_115.001,2022,9,49.35806,-115.001,,,Morrissey Creek,2,Southeast,945.0,953.097
375,STREAM_ERAXXX_B_XMOR_0001_C_20220911_COI,X2022_49.35806_115.001,2022,9,49.35806,-115.001,,,Morrissey Creek,2,Southeast,945.0,953.097
376,STREAM_FOKLSS_B_XSMA_0001_A_20220913_COI,X2022_49.5098_117.456,2022,9,49.5098,-117.456,,,Smallwood Creek,4,West,1015.0,1020.861
377,STREAM_FOKLSS_B_XSMA_0001_B_20220913_COI,X2022_49.5098_117.456,2022,9,49.5098,-117.456,,,Smallwood Creek,4,West,1015.0,1020.861
378,STREAM_FOKLSS_B_XSMA_0001_C_20220913_COI,X2022_49.5098_117.456,2022,9,49.5098,-117.456,,,Smallwood Creek,4,West,1015.0,1020.861
379,STREAM_FOKLSS_B_XFLE_0001_A_20220920_COI,X2022_49.83701_116.902,2022,9,49.83701,-116.902,,,Fletcher Creek,4,West,596.0,594.094
380,STREAM_FOKLSS_B_XFLE_0001_B_20220920_COI,X2022_49.83701_116.902,2022,9,49.83701,-116.902,,,Fletcher Creek,4,West,596.0,594.094
381,STREAM_FOKLSS_B_XFLE_0001_C_20220920_COI,X2022_49.83701_116.902,2022,9,49.83701,-116.902,,,Fletcher Creek,4,West,596.0,594.094
382,STREAM_FOKLSS_B_XCED_0001_A_20220920_COI,X2022_49.75443_116.912,2022,9,49.75443,-116.912,,,Cedar Creek,4,West,649.0,660.728
383,STREAM_FOKLSS_B_XCED_0001_B_20220920_COI,X2022_49.75443_116.912,2022,9,49.75443,-116.912,,,Cedar Creek,4,West,649.0,660.728
384,STREAM_FOKLSS_B_XCED_0001_C_20220920_COI,X2022_49.75443_116.912,2022,9,49.75443,-116.912,,,Cedar Creek,4,West,649.0,660.728
385,STREAM_FOKLSS_B_XSIT_0001_A_20220921_COI,X2022_49.60228_117.18,2022,9,49.60228,-117.18,,,Sitkum Creek,4,West,636.0,660.829
386,STREAM_FOKLSS_B_XSIT_0001_B_20220921_COI,X2022_49.60228_117.18,2022,9,49.60228,-117.18,,,Sitkum Creek,4,West,636.0,660.829
387,STREAM_FOKLSS_B_XSIT_0001_C_20220921_COI,X2022_49.60228_117.18,2022,9,49.60228,-117.18,,,Sitkum Creek,4,West,636.0,660.829
388,STREAM_FOKLSS_B_XCOF_0001_A_20220921_COI,X2022_49.69626_116.92,2022,9,49.69626,-116.92,,,Coffee Creek,4,West,604.0,623.714
389,STREAM_FOKLSS_B_XCOF_0001_B_20220921_COI,X2022_49.69626_116.92,2022,9,49.69626,-116.92,,,Coffee Creek,4,West,604.0,623.714
390,STREAM_FOKLSS_B_XCOF_0001_C_20220921_COI,X2022_49.69626_116.92,2022,9,49.69626,-116.92,,,Coffee Creek,4,West,604.0,623.714
391,STREAM_LLCXXX_B_XLEM_0003_A_20221014_COI,X2022_49.705441_117.49149,2022,10,49.705441,-117.49149,,,Lemon Creek,4,West,542.0,549.601
392,STREAM_LLCXXX_B_XLEM_0003_B_20221014_COI,X2022_49.705441_117.49149,2022,10,49.705441,-117.49149,,,Lemon Creek,4,West,542.0,549.601
393,STREAM_LLCXXX_B_XLEM_0003_C_20221014_COI,X2022_49.705441_117.49149,2022,10,49.705441,-117.49149,,,Lemon Creek,4,West,542.0,549.601
394,STREAM_LLCXXX_B_XKIN_0001_A_20221014_COI,X2022_50.7616_116.13246,2022,10,50.7616,-116.13246,,,Kindersley Creek,1,Central,1067.0,1108.033
395,STREAM_LLCXXX_B_XKIN_0001_B_20221014_COI,X2022_50.7616_116.13246,2022,10,50.7616,-116.13246,,,Kindersley Creek,1,Central,1067.0,1108.033
396,STREAM_LLCXXX_B_XKIN_0001_C_20221014_COI,X2022_50.7616_116.13246,2022,10,50.7616,-116.13246,,,Kindersley Creek,1,Central,1067.0,1108.033
397,STREAM_LLCXXX_B_XBUG_0001_A_20221013_COI,X2022_50.75803_116.70162,2022,10,50.75803,-116.70162,,,Bugaboo Creek,1,Central,1485.0,1482.94
398,STREAM_LLCXXX_B_XBUG_0001_B_20221013_COI,X2022_50.75803_116.70162,2022,10,50.75803,-116.70162,,,Bugaboo Creek,1,Central,1485.0,1482.94
399,STREAM_LLCXXX_B_XBUG_0001_C_20221013_COI,X2022_50.75803_116.70162,2022,10,50.75803,-116.70162,,,Bugaboo Creek,1,Central,1485.0,1482.94
400,STREAM_OWCXXX_B_XBLY_0001_A_20220919_COI,X2022_49.36417_113.454,2022,9,49.36417,-113.454,,,Belly River,2,Southeast,1056.0,1053.94
401,STREAM_OWCXXX_B_XBLY_0001_B_20220919_COI,X2022_49.36417_113.454,2022,9,49.36417,-113.454,,,Belly River,2,Southeast,1056.0,1053.94
402,STREAM_OWCXXX_B_XBLY_0001_C_20220919_COI,X2022_49.36417_113.454,2022,9,49.36417,-113.454,,,Belly River,2,Southeast,1056.0,1053.94
403,STREAM_OWCXXX_B_XBLY_0002_A_20220919_COI,X2022_49.46781_113.314,2022,9,49.46781,-113.314,,,Belly River,2,Southeast,988.0,987.526
404,STREAM_OWCXXX_B_XBLY_0002_B_20220919_COI,X2022_49.46781_113.314,2022,9,49.46781,-113.314,,,Belly River,2,Southeast,988.0,987.526
405,STREAM_OWCXXX_B_XBLY_0002_C_20220919_COI,X2022_49.46781_113.314,2022,9,49.46781,-113.314,,,Belly River,2,Southeast,988.0,987.526
406,STREAM_OWCXXX_B_XOLD_0001_A_20220921_COI,X2022_49.71604_113.179,2022,9,49.71604,-113.179,,,Oldman River,2,Southeast,902.0,900.422
407,STREAM_OWCXXX_B_XOLD_0001_B_20220921_COI,X2022_49.71604_113.179,2022,9,49.71604,-113.179,,,Oldman River,2,Southeast,902.0,900.422
408,STREAM_OWCXXX_B_XOLD_0001_C_20220921_COI,X2022_49.71604_113.179,2022,9,49.71604,-113.179,,,Oldman River,2,Southeast,902.0,900.422
409,STREAM_OWCXXX_B_XCAR_0002_A_20221011_COI,X2022_49.45573_114.405,2022,10,49.45573,-114.405,,,Carbondale River,2,Southeast,1357.0,1349.815
410,STREAM_OWCXXX_B_XCAR_0002_B_20221011_COI,X2022_49.45573_114.405,2022,10,49.45573,-114.405,,,Carbondale River,2,Southeast,1357.0,1349.815
411,STREAM_OWCXXX_B_XCAR_0002_C_20221011_COI,X2022_49.45573_114.405,2022,10,49.45573,-114.405,,,Carbondale River,2,Southeast,1357.0,1349.815
412,STREAM_OWCXXX_B_XNRA_0001_A_20221013_COI,X2022_49.83677_114.565,2022,10,49.83677,-114.565,,,North Racehorse Creek,2,Southeast,1654.0,1640.683
413,STREAM_OWCXXX_B_XNRA_0001_B_20221013_COI,X2022_49.83677_114.565,2022,10,49.83677,-114.565,,,North Racehorse Creek,2,Southeast,1654.0,1640.683
414,STREAM_OWCXXX_B_XNRA_0001_C_20221013_COI,X2022_49.83677_114.565,2022,10,49.83677,-114.565,,,North Racehorse Creek,2,Southeast,1654.0,1640.683
112,STREAM_GWASXX_B_XWAP_0007_A_20200910_COI,X2020_51.324167_114.929722,2020,9,51.324167,-114.929722,Bow,South Saskatchewan,WETLAND,5,Wetland,1357.0,1352.497
113,STREAM_GWASXX_B_XWAP_0007_B_20200910_COI,X2020_51.324167_114.929722,2020,9,51.324167,-114.929722,Bow,South Saskatchewan,WETLAND,5,Wetland,1357.0,1352.497
114,STREAM_GWASXX_B_XWAP_0007_C_20200910_COI,X2020_51.324167_114.929722,2020,9,51.324167,-114.929722,Bow,South Saskatchewan,WETLAND,5,Wetland,1357.0,1352.497
115,STREAM_GWASXX_B_XWAP_0008_A_20200917_COI,X2020_51.283056_114.837778,2020,9,51.283056,-114.837778,Bow,South Saskatchewan,WETLAND,5,Wetland,1271.0,1264.38
116,STREAM_GWASXX_B_XWAP_0008_B_20200917_COI,X2020_51.283056_114.837778,2020,9,51.283056,-114.837778,Bow,South Saskatchewan,WETLAND,5,Wetland,1271.0,1264.38
117,STREAM_GWASXX_B_XWAP_0008_C_20200917_COI,X2020_51.283056_114.837778,2020,9,51.283056,-114.837778,Bow,South Saskatchewan,WETLAND,5,Wetland,1271.0,1264.38
163,STREAM_IERXXX_B_XBIR_0001_A_20210728_COI,X2021_49.858015_114.878694,2021,7,49.858015,-114.878694,Columbia,Columbia,WETLAND,5,Wetland,1187.0,1187.291
164,STREAM_IERXXX_B_XBIR_0001_B_20210728_COI,X2021_49.858015_114.878694,2021,7,49.858015,-114.878694,Columbia,Columbia,WETLAND,5,Wetland,1187.0,1187.291
165,STREAM_IERXXX_B_XBIR_0001_C_20210728_COI,X2021_49.858015_114.878694,2021,7,49.858015,-114.878694,Columbia,Columbia,WETLAND,5,Wetland,1187.0,1187.291
166,STREAM_IERXXX_B_XBUF_0001_A_20210724_COI,X2021_49.688046_115.687163,2021,7,49.688046,-115.687163,Columbia,Columbia,WETLAND,5,Wetland,767.0,765.828
167,STREAM_IERXXX_B_XBUF_0001_B_20210724_COI,X2021_49.688046_115.687163,2021,7,49.688046,-115.687163,Columbia,Columbia,WETLAND,5,Wetland,767.0,765.828
168,STREAM_IERXXX_B_XBUF_0001_C_20210724_COI,X2021_49.688046_115.687163,2021,7,49.688046,-115.687163,Columbia,Columbia,WETLAND,5,Wetland,767.0,765.828
169,STREAM_IERXXX_B_XCHC_0001_A_20210722_COI,X2021_49.702125_115.72277,2021,7,49.702125,-115.72277,Columbia,Columbia,WETLAND,5,Wetland,769.0,766.574
170,STREAM_IERXXX_B_XCHC_0001_B_20210722_COI,X2021_49.702125_115.72277,2021,7,49.702125,-115.72277,Columbia,Columbia,WETLAND,5,Wetland,769.0,766.574
171,STREAM_IERXXX_B_XCHC_0001_C_20210722_COI,X2021_49.702125_115.72277,2021,7,49.702125,-115.72277,Columbia,Columbia,WETLAND,5,Wetland,769.0,766.574
172,STREAM_IERXXX_B_XEAR_0001_A_20210726_COI,X2021_49.036928_115.235083,2021,7,49.036928,-115.235083,Columbia,Columbia,WETLAND,5,Wetland,805.0,806.208
173,STREAM_IERXXX_B_XEAR_0001_B_20210726_COI,X2021_49.036928_115.235083,2021,7,49.036928,-115.235083,Columbia,Columbia,WETLAND,5,Wetland,805.0,806.208
174,STREAM_IERXXX_B_XEAR_0001_C_20210726_COI,X2021_49.036928_115.235083,2021,7,49.036928,-115.235083,Columbia,Columbia,WETLAND,5,Wetland,805.0,806.208
175,STREAM_IERXXX_B_XEES_0001_A_20210713_COI,X2021_49.09045_116.46901,2021,7,49.09045,-116.46901,Columbia,Columbia,WETLAND,5,Wetland,647.0,649.291
176,STREAM_IERXXX_B_XEES_0001_B_20210713_COI,X2021_49.09045_116.46901,2021,7,49.09045,-116.46901,Columbia,Columbia,WETLAND,5,Wetland,647.0,649.291
177,STREAM_IERXXX_B_XEES_0001_C_20210713_COI,X2021_49.09045_116.46901,2021,7,49.09045,-116.46901,Columbia,Columbia,WETLAND,5,Wetland,647.0,649.291
178,STREAM_IERXXX_B_XHWR_0001_A_20210718_COI,X2021_49.171802_117.505135,2021,7,49.171802,-117.505135,Columbia,Columbia,WETLAND,5,Wetland,616.0,619.65
179,STREAM_IERXXX_B_XHWR_0001_B_20210718_COI,X2021_49.171802_117.505135,2021,7,49.171802,-117.505135,Columbia,Columbia,WETLAND,5,Wetland,616.0,619.65
180,STREAM_IERXXX_B_XHWR_0001_C_20210718_COI,X2021_49.171802_117.505135,2021,7,49.171802,-117.505135,Columbia,Columbia,WETLAND,5,Wetland,616.0,619.65
181,STREAM_IERXXX_B_XMCO_0002_A_20210708_COI,X2021_50.227851_116.981486,2021,7,50.227851,-116.981486,Columbia,Columbia,WETLAND,5,Wetland,550.0,539.356
182,STREAM_IERXXX_B_XMCO_0002_B_20210708_COI,X2021_50.227851_116.981486,2021,7,50.227851,-116.981486,Columbia,Columbia,WETLAND,5,Wetland,550.0,539.356
183,STREAM_IERXXX_B_XMCO_0002_C_20210709_COI,X2021_50.227851_116.981486,2021,7,50.227851,-116.981486,Columbia,Columbia,WETLAND,5,Wetland,550.0,539.356
184,STREAM_IERXXX_B_XMCO_0007_A_20210710_COI,X2021_50.231486_116.972008,2021,7,50.231486,-116.972008,Columbia,Columbia,WETLAND,5,Wetland,551.0,542.803
185,STREAM_IERXXX_B_XMCO_0007_B_20210710_COI,X2021_50.231486_116.972008,2021,7,50.231486,-116.972008,Columbia,Columbia,WETLAND,5,Wetland,551.0,542.803
186,STREAM_IERXXX_B_XMCO_0007_C_20210710_COI,X2021_50.231486_116.972008,2021,7,50.231486,-116.972008,Columbia,Columbia,WETLAND,5,Wetland,551.0,542.803
187,STREAM_IERXXX_B_XSAS_0001_A_20210717_COI,X2021_49.186419_117.289871,2021,7,49.186419,-117.289871,Columbia,Columbia,WETLAND,5,Wetland,667.0,665.477
188,STREAM_IERXXX_B_XSAS_0001_B_20210717_COI,X2021_49.186419_117.289871,2021,7,49.186419,-117.289871,Columbia,Columbia,WETLAND,5,Wetland,667.0,665.477
189,STREAM_IERXXX_B_XSAS_0001_C_20210717_COI,X2021_49.186419_117.289871,2021,7,49.186419,-117.289871,Columbia,Columbia,WETLAND,5,Wetland,667.0,665.477
190,STREAM_IERXXX_B_XSPH_0001_A_20210721_COI,X2021_49.678421_115.777125,2021,7,49.678421,-115.777125,Columbia,Columbia,WETLAND,5,Wetland,849.0,849.344
191,STREAM_IERXXX_B_XSPH_0001_B_20210721_COI,X2021_49.678421_115.777125,2021,7,49.678421,-115.777125,Columbia,Columbia,WETLAND,5,Wetland,849.0,849.344
192,STREAM_IERXXX_B_XSPH_0001_C_20210721_COI,X2021_49.678421_115.777125,2021,7,49.678421,-115.777125,Columbia,Columbia,WETLAND,5,Wetland,849.0,849.344
193,STREAM_IERXXX_B_XGRO_0001_A_20210706_COI,X2021_49.49505_117.344156,2021,7,49.49505,-117.344156,Columbia,Columbia,WETLAND,5,Wetland,553.0,559.255
194,STREAM_IERXXX_B_XGRO_0001_B_20210706_COI,X2021_49.49505_117.344156,2021,7,49.49505,-117.344156,Columbia,Columbia,WETLAND,5,Wetland,553.0,559.255
195,STREAM_IERXXX_B_XGRO_0001_C_20210706_COI,X2021_49.49505_117.344156,2021,7,49.49505,-117.344156,Columbia,Columbia,WETLAND,5,Wetland,553.0,559.255
